Clorox Bleach-Free Disinfecting and Cleaning Wipes, 1
Eggplant, 1

===============================

Clorox Bleach-Free Disinfecting and Cleaning Wipes, 1
Eggplant, 12
Sephora All Day Makeup Setting Spray, 1

=================================================================

Clorox Bleach-Free Disinfecting and Cleaning Wipes, 1
Cantaloupe, 7
ASOS DESIGN skinny tuxedo in black, 1
SAMSUNG Galaxy S23 Ultra 12GB/1TB Phantom Black, 1

=================================================================


=================================================================


=================================================================

